{
    "sbp": 0.032333333333333325,
    "rr": 0.020666666666666656,
    "dbp": 0.019333333333333334,
    "hr": 0.018333333333333323,
    "spo2": 0.016000000000000004
}