{
    "roc_auc": 0.8981931587456928,
    "precision": 0.881559220389805,
    "recall": 0.7452471482889734,
    "f1": 0.8076923076923077
}